79 Universitetskaya Emb RUS
    laboratory of asian economic studies, st. petersburg state university, 79 universitetskaya emb., st. petersburg, 199034, russian federation
    department of risk management and insurance, st. petersburg state university, 79 universitetskaya emb., st. petersburg, 199034, russian federation
Adiwangsa Jambi University IDN
    information technology department, faculty of computer science and engineering, adiwangsa jambi university, jambi, 36125, indonesia
Agricultural Bank of China CHN
    agricultural bank of china, sichuan, china
Ahliya University JOR
    amman al-ahliya university, amman, jordan
Ahsanullah University of Science and Technology BGD
    school of business, ahsanullah university of science and technology, tejgaon industrial area, dhaka, 1208, bangladesh
Air University PAK
    ausom, air university, islamabad campus, islamabad, pakistan
Alexandru Ioan Cuza University ROU
    alexandru ioan cuza university, faculty of economics and business administration, department of business information systems, romania
    alexandru ioan cuza university, faculty of economics and business administration, department of management and marketing, romania
American University of Malta MLT
    college of business, american university of malta, bormla, bml1013, malta
Anhui University of Finance and Economics CHN
    school of finance, anhui university of finance and economics, bengbu, 233030, china
Arab American University PSE
    faculty of administrative and financial sciences, arab american university, palestine
Asian Institute of International Financial Law CHN
    kerry holdings professor in law and director, asian institute of international financial law, faculty of law, university of hong kong, hong kong
Baewha Womens University KOR
    department of information security, baewha womens university, seoul, south korea
Bangor University GBR
    bangor business school, bangor university, bangor, united kingdom
Baylor University USA
    hankamer school of business, baylor university, united states
Bifrost University ISL
    bifrost university, bifrost, 311, iceland
Bina Nusantara University IDN
    management department, binus business school master program, bina nusantara university, jakarta, 11480, indonesia
    management department, binus online learning, bina nusantara university, jakarta, 11480, indonesia
    business law program, law department, faculty of humanities, bina nusantara university, jakarta, 11480, indonesia
    information systems department, school of information systems, bina nusantara university, jakarta, 11480, indonesia
    information systems department, bina nusantara university, jakarta, 11480, indonesia
    information systems audit program, information systems department, school of information systems, bina nusantara university, jakarta, 11480, indonesia
Binus University IDN
    information system management, binus university, indonesia
Blekinge Institute of Technology SWE
    blekinge institute of technology, karlskrona, sweden
Bocconi University ITA
    department of finance, bocconi university, milan, italy
    adjunct professor at the finance department, bocconi university, milan, italy
Boise State University USA
    boise state university, boise, united states
Bolyai University ROU
    department of marketing, faculty of economics and business administration, babes-bolyai university, cluj-napoca, 400591, romania
    faculty of european studies, babes-bolyai university, cluj napoca, romania
Bournemouth University GBR
    professor in law, bournemouth university, bournemouth, united kingdom
Brunel University London GBR
    brunel university london, kingston lane, uxbridge, ub8 3ph, united kingdom
Budapest Business School  University of Applied Sciences HUN
    faculty of finance and accountancy, budapest business school  university of applied sciences, h-1149 buzogany str. 10-12., budapest, hungary
Business School of Hunan University CHN
    business school of hunan university, changsha, hunan, china
California State University USA
    department of management, college of business and economics, california state university, east bay, hayward, ca, united states
Capital University of Science and Technology PAK
    department of computer science, capital university of science and technology, islamabad, 46000, pakistan
Catena Technologies USA
    catena technologies, san francisco, ca, united states
Center for International Knowledge On Development CHN
    center for international knowledge on development, development research center of the state council, beijing, china
Central Bank of Montenegro Podgorica MNE
    central bank of montenegro podgorica, montenegro
Central Bank of Nigeria NGA
    central bank of nigeria, abuja, nigeria
Centre for Business and Corporate Law DEU
    director, centre for business and corporate law, heinrich-heine-university, dusseldorf, germany
Centre for Finance GBR
    board member, centre for finance, technology and entrepreneurship (cfte), london, united kingdom
Changan University CHN
    school of economics and management, changan university, xian, shaanxi  710064, china
Charles Sturt University Melbourne Study Group Centre AUS
    charles sturt university melbourne study group centre, melbourne, vic, australia
Chiang Mai University THA
    department of agricultural economy and development, faculty of agriculture, chiang mai university, chiang mai, thailand
China Agricultural University CHN
    china agricultural university, beijing, china
China University of Petroleum CHN
    college of computer science and technology, china university of petroleum (east china), qingdao 266580, china.
Chinese Academy of Sciences CHN
    institute of automation, chinese academy of sciences, beijing, co 100190, china
Chinese University of Hong Kong CHN
    school of management and economics, chinese university of hong kong, shenzhen, 518172, hong kong
    decision sciences and managerial economics, chinese university of hong kong, shatin, hong kong
Chinese University of Hong Kong88888 CHN
    department of decision sciences and managerial economics, cuhk business school, chinese university of hong kong88888, hong kong
Chongqing 208 Survey and Design Institute CHN
    chongqing 208 survey and design institute, chongqing, 400700, china
Chongqing Research Center of Labor Economics and Human Resources CHN
    chongqing research center of labor economics and human resources, chongqing, 400054, china
Chongqing University CHN
    school of economics and finance, chongqing university of technology, chongqing, 400054, china
City University of Hong Kong CHN
    department of computer science, city university of hong kong, hong kong
    city university of hong kong, kowloon tong, hong kong
    department of information systems, city university of hong kong, kowloon, hong kong
Claremont Graduate University USA
    drucker school of management, claremont graduate university, claremont, ca, united states
College of Computing and Informatics SAU
    college of computing and informatics, saudi electronic uniersity, dammam, saudi arabia
Columbia University USA
    columbia university, united states
Comsats University Islamabad PAK
    comsats university islamabad, lahore campus, pakistan
Cornell University USA
    cornell university, united states
Corvinus University of Budapest HUN
    institute of economic and public policy, corvinus university of budapest, hungary
Covenant University Ota NGA
    department of accounting, college of management and social sciences, covenant university ota, ogun state, nigeria
Coventry University GBR
    school of economics, finance and accounting, coventry university, coventry, united kingdom
    school of business and law, coventry university, coventry, cv15fb, united kingdom
Department of Accounting GBR
    kingston business school, department of accounting, finance and informatics, kingston hill campuskt2 7lb, united kingdom
Department of Business Administration IDN
    department of business administration, politeknik negeri bandung, bandung, 40012, indonesia
Department of Business Management IND
    department of business management, sri padmavathi mahila viswavidyalayam, tirupathi, ap, india
Department of International Business and Marketing FIN
    department of international business and marketing, faculty of economics and business administration, university of oulu, oulu, finland
Department of International Commerce and Area Studies KOR
    department of international commerce and area studies, gangneung-wonju national university, 7 jukheon-gil, gangneung-si, gangwon-do  25457l, south korea
Department of International Management UKR
    department of international management, kyiv national university of trade and economics, ukraine
Department of International Relations AUT
    department of international relations, central european univeristy, vienna, austria
Department of International Trade KOR
    department of international trade, inha university, 100 inha-ro, michuhol-gu, incheon, 22212, south korea
Department of It Management DNK
    copenhagen business school, department of it management, howitzvej 60, frederiksberg, 2000, denmark
Department of Management IDN
    department of management, uin syarif hidayatullah jakarta, tangerang selatan, 15412, indonesia
Department of Management Politics and Philosophy DNK
    department of management politics and philosophy, copenhagen business school, frederiksberg, denmark
Department of Marketing FIN
    department of marketing, management and ib, oulu, finland
Department of Mba IND
    department of mba, koneru lakshmaiah business school, guntur, a.p, india
Department of Strategy and Innovation DNK
    department of strategy and innovation, copenhagen business school, copenhagen, denmark
Dhofar University OMN
    department of finance and economics, college of commerce & business administration, dhofar university, salalah, 211, oman
Digitalinstitute for Information and Communication Technologies AUT
    joanneum research, digitalinstitute for information and communication technologies, graz, a-8010, austria
Don State Technical University RUS
    don state technical university, 1 gagarin sq., rostov-on-don, 344003, russian federation
Dongguk University KOR
    department of business administration, college of management and economics, dongguk university, gyeongju-si, gyeongsangbuk-do, 780-714, south korea
Durham University GBR
    durham university, united kingdom
    school of computing science, durham university, united kingdom. (e-mail: gagi_aujla82@yahoo.com)
    department of geography, durham university, durham, united kingdom
Edhec School of Business FRA
    edhec school of business, nice, france
Erasmus University Rotterdam NLD
    erasmus university rotterdam, burgemeester oudlaan, rotterdam, 50, netherlands
Esic Business and Marketing School ESP
    esic business and marketing school, valencia, spain
Etsii at Universidad Politecnica de Madrid SWE
    department of industrial economics and management, kth royal institute of technology, etsii at universidad politecnica de madrid, swedish house of finance at stockholm school of economics, stockholm, sweden
European Commission Technical Expert Group On Sustainable Finance BEL
    european commission technical expert group on sustainable finance, brussels, belgium
European University Cyprus CYP
    department of computer science and engineering, school of sciences, european university cyprus, nicosia, 1516, cyprus
Faculty of Public Governance and International Studies HUN
    faculty of public governance and international studies, national university of public service, budapest, h-1083 ludovika sq. 1., budapest, hungary
Federal Reserve Bank of Chicago USA
    federal reserve bank of chicago, united states
Federal Reserve Bank of Philadelphia USA
    federal reserve bank of philadelphia, united states
Feng Chia University TWN
    department of economics, feng chia university, taiwan
Financial University Under The Government of The Russian Federation RUS
    department of logistics and marketing, faculty of economics and business, financial university under the government of the russian federation, leningradskiy prospekt 55, moscow, 125993, russian federation
    financial university under the government of the russian federation, 49 leningradsky prospekt, moscow, 125993, russian federation
Foreign Trade University VNM
    faculty of banking and finance, foreign trade university, viet nam
Fraunhofer Institute for High DEU
    fraunhofer institute for high-speed dynamics, ernst-mach-institut, emi, efringen-kirchen, d-79588, germany
Fudan University CHN
    fudan university, shanghai, co 200433, china
Georgia State University GEO
    j. mack robinson college of business, georgia state university
Georgia State University USA
    j. mack robinson college of business, georgia state university, united states
Goethe University Frankfurt DEU
    faculty of social science, institute of sociology, goethe university frankfurt, frankfurt, germany
Goeuniversity of Frankfurt DEU
    department of information systems, faculty of economics and business administration, goethe university of frankfurt, germany
Graduate School of International Management JPN
    graduate school of international management, international university of japan, niigata, 949-7277, japan
Great Zimbabwe University ZWE
    great zimbabwe university, department of banking and finance, masvingo, zimbabwe
Griffith University AUS
    department of accounting, finance and economics, griffith university, nathan, qld  4111, australia
    department of accounting finance and economics, griffith university, australia
Guangzhou University CHN
    guangzhou university, guangzhou, china
Gulf University for Science and Technology KWT
    gulf university for science and technology, kuwait
Hangzhou Dianzi University CHN
    department of computer science, hangzhou dianzi university, hangzhou, zhajiang, china
Hanken School of Economicsvaasa Campus FIN
    hanken school of economicsvaasa campus, vaasa, finland
Henley Business School GBR
    henley business school, united kingdom
Higher College of Technology ARE
    business department, higher college of technology, p.o. box-15825, abu dhabi, united arab emirates
Hongkong University of Science and Technology CHN
    hongkong university of science and technology, hong kong
Hse University RUS
    department of operations management and logistics, graduate school of business, hse university, 20 myasnitskaya ulitsa, moscow, 101000, russian federation
Hubei Financial Development and Financial Security Research Center CHN
    hubei financial development and financial security research center, wuhan, hubei, 430205, china
Hubei University of Economics CHN
    school of finance, hubei university of economics, wuhan, hubei, 430205, china
Huddersfield Business School GBR
    huddersfield business school, united kingdom
Hunan Normal University CHN
    business school, hunan normal university, changsha, 410081, china
Hungarian University of Agriculture and Life Sciences HUN
    doctoral school of economics and regional studies, hungarian university of agriculture and life sciences, h-2100 pater karoly str. 1., godollo, hungary
    doctoral school of economic and regional sciences, hungarian university of agriculture and life sciences, godollo, 2100, hungary
Imperial College London GBR
    intelligent systems and networks group, imperial college london, london, united kingdom
    intelligent systems and networks group, electrical and electronic engineering, imperial college london, london, united kingdom
Ims Unison University IND
    school of management, ims unison university, dehradun, 248009, india
Industrial University of Ho Chi Minh City VNM
    faculty of finance and banking, industrial university of ho chi minh city (iuh), viet nam
    faculty of finance and banking, industrial university of ho chi minh city (iuh), no. 12, nguyen van bao street, ward 4, go vap district, ho chi minh city, 700000, viet nam
Institut Fur Geographie Und Regionalforschung AUT
    institut fur geographie und regionalforschung, alpen-adria-universitat, klagenfurt, austria
Institut Teknologi Bandung IDN
    school of business and management, institut teknologi bandung, bandung, 40116, indonesia
Institute for Africa and Middle East Studies VNM
    institute for africa and middle east studies (iames), vietnam academy of social sciences (vass), viet nam
Institute for International Strategy JPN
    institute for international strategy, tokyo international university, saitama, 350-1197, japan
Institute of Business Management PAK
    department of accounting and finance, institute of business management, karachi, pakistan
Institute of Southern Punjab PAK
    institute of southern punjab, multan, punjab, pakistan
International Business School CHN
    international business school, guangdong university of finance and economics, 1 xuehai road, foshan, guangdong  528100, china
International Business School HUN
    international business school, budapest, hungary
International College CHN
    international college, renmin university of china, beijing, 100872, china
International Economics UKR
    international economics, education and research institute for business technologies uab, sumy state university, ukraine
International Monetary Fund USA
    international monetary fund, 700 19th street, n.w, washington, dc  20431, united states
International University of Rabat MAR
    department of marketing, rabat business school, international university of rabat, rabat, 11100, morocco
Ipb University IDN
    department of management, ipb university, bogor, 16680, indonesia
    department of agroindustrial technology, ipb university, bogor, 16680, indonesia
Iqra University PAK
    iqra university, karachi, pakistan
Islamic Azad University IRN
    computer engineering faculty, najafabad branch, islamic azad university, najafabad, iran.
Istanbul Medipol University TUR
    school of business, istanbul medipol university, kavack campus, beykoz, istanbul, 34810, turkey
    school of business, istanbul medipol university, kavack mah. ekinciler cad. no: 19, kavack kavsag, beykoz, istanbul  34810, turkey
Istanbul University TUR
    istanbul university, turkey
It University of Copenhagen DNK
    it university of copenhagen, copenhagen, denmark
Iubh Internationale Hochschule Gmbh DEU
    iubh university of applied sciences, iubh internationale hochschule gmbh, germany
Janabadra University IDN
    department of accounting, faculty of economics, janabadra university, indonesia
    department of management, faculty of economics, janabadra university, indonesia
Jiangsu University CHN
    jiangsu universityzhejiang, china
    jiangsu university, jiangsu, china
Jindal Global University IND
    jindal global university, sonipat, india
Kazan National Research Technical RUS
    kazan national research technical, university named after a.n.tupolev - kai, 10, k. marksa str., kazan, 420111, russian federation
Kharkiv National University of Internal Affairs UKR
    department of civil law and procedure, kharkiv national university of internal affairs, ukraine
Khetagurov North Ossetian State University RUS
    department of economics, khetagurov north ossetian state university, vladikavkaz, russian federation
Kingdom University BHR
    department of management, kingdom university, riffa, 40438, bahrain
    department of finance and accounting, college of business administration, kingdom university, bahrain
Kings College London GBR
    school of social science and public policy, king's college london, london, se1 8wa, united kingdom
    professor in law, kings college london, london, united kingdom
Klu Business School IND
    k.l.u. business school, k l e f (deemed to be university), greenfields, vaddeswaram, guntur, andhra pradesh, india
Koc University TUR
    college of administrative sciences and economics, koc university, rumeli feneri yolu, saryer, istanbul, 34450, turkey
Kryvyi Rih Economic Institute of Kyiv National Economic University Named After Vadym Hetman UKR
    kryvyi rih economic institute of kyiv national economic university named after vadym hetman, kryvyi rih, 50000, ukraine
Kth Royal Institute of Technology SWE
    department of industrial economics and management, kth royal institute of technology, stockholm, sweden
Kuveyt Turk Participation Bank Inc TUR
    kuveyt turk participation bank inc, turkey
Kyiv National Economic University Named After UKR
    kyiv national economic university named after, vadym hetman, ukraine
Kyiv National University of Trade and Economics UKR
    department of finance, kyiv national university of trade and economics, ukraine
Kyungpook National University KOR
    institute for global climate change and energy, kyungpook national university, daegu, south korea
    school of convergence and fusion system engineering, kyungpook national university, daegu, south korea
Laboratory of International Economic Integration TUN
    laboratory of international economic integration, faculty of economic sciences and management of tunis, university of tunis el manar, tunis, 2092, tunisia
Labuan Faculty of International Finance MYS
    labuan faculty of international finance, universiti malaysia sabah, labuan, malaysia
Lahore College for Women University PAK
    department of management sciences, lahore college for women university, lahore, 54000, pakistan
Lahore Garrison University PAK
    department of computer science, lahore garrison university, lahore, 54000, pakistan
Leipzig University DEU
    leipzig university, leipzig, germany
London School of Economics GBR
    london school of economics, united kingdom
Loughborough University GBR
    school of business & economics, loughborough university, leicestershire, united kingdom
    school of business and economics, loughborough university, loughborough, leicestershire, le11 3tu, united kingdom
Lovely Professional University IND
    school of computer science engineering, lovely professional university, india.
Lund University SWE
    centre for east and south-east asian studies, lund university, lund, sweden
Macquarie University AUS
    department of management, macquarie university, australia
Massey University NZL
    school of aviation, massey university, palmerston north, 4442, new zealand
Max Planck Institute for Innovation and Competition DEU
    max planck institute for innovation and competition, munich, germany
    max planck institute for innovation and competition, marstallplatz 1, munich, 80539, germany
Ming Chuan University TWN
    department of information and telecommunications engineering, ming chuan university, taipei, 111, taiwan
Ministry of Education CHN
    key laboratory of process optimization and intelligent decision-making (ministry of education), hefei university of technology, hefei, 23009, china
Minna Technologies SWE
    minna technologies, a fintech startup, sweden
Monash University AUS
    faculty of business and economics, monash university, melbourne, australia
Montclair State University USA
    montclair state university, montclair, nj  07030, united states
Multimedia University MYS
    faculty of law, multimedia university (mmu), melaka, 75450, malaysia
    faculty of business, multimedia university, cyberjaya, 63100, malaysia
Najah National University PSE
    department of banking and financial sciences, an-najah national university, nablus, palestine
National Chengchi University TWN
    department of computer science, national chengchi university, taipei, taiwan
National Penghu University of Science and Technology TWN
    department of marketing and logistics management, national penghu university of science and technology, no. 300, liuhe rd., magong, 88046, taiwan
National School of Development CHN
    national school of development, institute of digital finance, peking university, beijing, china
National Taiwan University TWN
    department of computer science and information engineering, national taiwan university, taipei, taiwan
National Textile University PAK
    faisalabad school of business, national textile university, faisalabad, pakistan
National University of Malaysia MYS
    faculty of economics and management, national university of malaysia, malaysia
National University of Singapore SGP
    national university of singapore, singapore
National Yang Ming Chiao Tung University TWN
    institute of technology management, national yang ming chiao tung university, 1001 ta-hsueh road, hsinchu, 300, taiwan
Nicolaus Copernicus University POL
    department of organizational behavior and marketing, nicolaus copernicus university, poland
Ningbo University CHN
    college of science and technology, ningbo university, ningbo, 315211, china
Nlc A Baitursynov Kostanay Regional University KAZ
    nlc a. baitursynov kostanay regional university, kostanay, kazakhstan
Norwegian University of Science and Technology NOR
    department of ict and natural sciences, norwegian university of science and technology, trondheim, 7491, norway
Odesa National University of Economics UKR
    odesa national university of economics, 8 preobrazhenska str., odesa, 65082, ukraine
Odesa State University of Internal Affairs UKR
    department of administrative law and administrative procedure, odesa state university of internal affairs, ukraine
    department of administrative law and procedure, odesa state university of internal affairs, ukraine
Odessa Academy of Law IND
    odessa academy of law, india
Ostfalia University of Applied Sciences DEU
    ostfalia university of applied sciences, wolfenbuttel, germany
Oxford University GBR
    school of geography and the environment, oxford university, united kingdom
    school of geography and the environment, oxford university, south parks road, oxford, ox 1 3qy, united kingdom
Palestine Technical University PSE
    faculty of business and management, palestine technical university, palestine
Peking University CHN
    institute of digital finance, peking university, beijing, china
    institute of digital finance, institute of social science survey, peking university, beijing, china
Pennsylvania State University USA
    department of supply chain and information systems, smeal college of business, pennsylvania state university, united states
Perbanas Institute IDN
    perbanas institute, school of postgraduate, jakarta, indonesia
    perbanas institute, faculty of information technology, jakarta, indonesia
    perbanas institute, faculty of economics and business, jakarta, indonesia
Peter The Great St Petersburg Polytechnic University RUS
    peter the great st. petersburg polytechnic university, 29, polytechnicheskaya str., st. petersburg, 195251, russian federation
Pontificia Universidad Catolica de Chile CHL
    pontificia universidad catolica de chile, chile
Poznan University of Economic and Business POL
    department of applied mathematics, poznan university of economic and business, al. niepodlegosci 10, poznan, 61-875, poland
    department of econometrics, poznan university of economic and business, al. niepodlegosci 10, poznan, 61-875, poland
    department of applied mathematic, poznan university of economic and business, al. niepodlegosci 10, poznan, 61-875, poland
    department of economic journalism and public relations, poznan university of economic and business, al. niepodlegosci 10, poznan, 61-875, poland
Queens University Belfast GBR
    school of electronics, electrical engineering and computer science, queen's university belfast, united kingdom
Rajagiri Business School IND
    rajagiri business school, rajagiri valley campus, kochi, india
Rajagiri College of Social Scienceskerala  682039 IND
    rajagiri school of management, rajagiri college of social scienceskerala  682039, india
Renming University of China CHN
    renming university of china, school of finance, beijing, china
Rmit University AUS
    college of business, rmit university, melbourne, australia
    school of economics, finance and marketing, rmit university, melbourne, australia
Roskilde University DNK
    department of communication and arts, roskilde university, roskilde, denmark
Rostov State University of Economics RUS
    department of finance, rostov state university of economics, rostov-on-don, russian federation
    rostov state university of economics, rostov-on-don, russian federation
Russian Academy of Science RUS
    primakov national research institute of world economy and international relations, russian academy of sciences (imemo), 23, profsoyuznaya str, moscow, 117997, russian federation
    primakov institute of world economy and international relations, russian academy of sciences, moscow, 117997, russian federation
Sahmyook University KOR
    department of management information systems, sahmyook university, 815, hwarang-ro, nowon-gu, seoul, 01795, south korea
Sanda University CHN
    department of finance, school of business, sanda university, sh, 201209, china
Satya Wacana Christian University IDN
    faculty of economics and business, faculty of economics and business, satya wacana christian university, salatiga, 50711, indonesia
Sda Bocconi School of Management ITA
    sda bocconi school of management, milan, italy
Sejong National Research Complex 370 KOR
    associate research fellow, science and technology policy institute, 508 building b, sejong national research complex 370, sicheng-daero, sejong, 30147, south korea
    senior research fellow, science and technology policy institute, 541 building b, sejong national research complex 370, sicheng-daero, sejong, 30147, south korea
Sejong University KOR
    school of business, sejong university, seoul, 05006, south korea
Seoul National University KOR
    school of business, seoul national university, seoul, 08826, south korea
Shaanxi University of Science and Technology CHN
    school of economics and management, shaanxi university of science and technology (sust), weiyang district, xian, shaanxi  710021, china
Shandong Normal University CHN
    business school, shandong normal university, jinan, 250000, china
Shandong University CHN
    school of management, shandong university, jinan, 250000, china
    school of management, shandong university, china
Shanghai Institute for Advanced Communication and Data Science CHN
    shanghai institute for advanced communication and data science, shanghai, 200444, china
Shanghai Maritime University CHN
    school of economics and management, shanghai maritime university, shanghai lixin university of accounting and finance, shanghai, 201306, 201209, china
Shanghai Normal University Tianhua College CHN
    school of early childhood education, shanghai normal university tianhua college, shanghai, 201815, china
Shanghai University CHN
    computer engineering and science school, shanghai university, shanghai, 200444, china
    school of management, shanghai university, shanghai, china
Shanghai University School of Economics CHN
    shanghai university school of economics, baoshan, shanghai, china
Shanghai University of Finance and Economics CHN
    school of information management and engineering, shanghai university of finance and economics, shanghai, 200433, china
Shanghai University of International Business and Economic CHN
    school of management, shanghai university of international business and economic, shanghai, 201620, china
Sichuan Agricultural University CHN
    college of tourism, sichuan agricultural university, chengdu, 611830, china
    college of management, sichuan agricultural university, chengdu, 611830, china
Sichuan University CHN
    business school, sichuan university, chengdu, 610064, china
    school of economics, sichuan university, no. 24 south section 1 yihuan road, chengdu, 610064, china
Simon Fraser University CAN
    urban studies and geography departments, simon fraser university, burnaby, canada
Singaperbangsa University IDN
    faculty of computer science, singaperbangsa university, indonesia
Singapore Management University SGP
    school of information systems, singapore management university, singapore
    school of information systems, singapore management university (smu), singapore
    singapore management university, singapore
Singapore Management University School of Information Systems SGP
    singapore management university school of information systems, singapore, singapore
Singapore University of Social Sciences SGP
    blockchain and fintech research fellow, singapore university of social sciences, singapore, singapore
Skema Business School  Universite Cote Dazur FRA
    skema business school  universite cote dazur, euralille, france
Skema Business School FRA
    skema business school, lille, france
Soongsil University KOR
    soongsil university, seoul, ceo of smartro co., ltd., seoul, south korea
    school of business administration, soongsil university, seoul, south korea
Southampton Business School GBR
    southampton business school, united kingdom
Southern University of Science and Technology CHN
    college of business, southern university of science and technology, no. 1088 xueyuan avenue, nanshan district, shenzhen, 518055, china
Southwestern University of Finance and Economics CHN
    school of business administration, southwestern university of finance and economics, chengdu, 611130, china
    southwestern university of finance and economics, chengdu, china
St Johns University USA
    st. john's university, 8000 utopia parkway, queens, ny  11439, united states
State Higher Vocational School Memorial of Prof Stanislaw POL
    state higher vocational school memorial of prof. stanislaw, tarnowski, poland
State University of Humanities and Social Studies RUS
    state university of humanities and social studies, 30, zelyonaya street, kolomna, moscow region, 140410, russian federation
Stockholm School of Economics SWE
    sceri, stockholm school of economics, stockholm, sweden
    stockholm school of economics, mistra financial systems (mfs), stockholm, sweden
Sumy State University UKR
    department of finance, banking and insurance, sumy state university, ukraine
    sumy state university, ukraine
    education and research institute for business technologies uab, sumy state university, ukraine
Sungkyunkwan University KOR
    college of software, sungkyunkwan university, gyeonggi-do, 16219, south korea
Sungshin Womens University KOR
    school of information technology, sungshin women's university, south korea
Symbiosis Centre for Management Studies IND
    symbiosis centre for management studies, noida, india
Symbiosis International University IND
    symbiosis international university, india
Szent Istvan University HUN
    doctoral school of management and business administration, szent istvan university, hungary
Tampere University FIN
    tampere university, visiting scholar, tampere, finland
Taras Shevchenko National University of Kyiv UKR
    taras shevchenko national university of kyiv, faculty of economics, 90-a vasylkivska str.02090, ukraine
Technical University of Denmark DNK
    department of applied mathematics and computer science, technical university of denmark, denmark
The Research Center of Information Technology  and  Economic and Social Development of Zhejiang Province CHN
    the research center of information technology & economic and social development of zhejiang province, china
Tilburg University NLD
    tilburg university, tilburg, netherlands
Tisbi University of Management RUS
    tisbi university of management, mushtari street. 13, kazan, 420012, russian federation
Tongji University CHN
    school of economics and management, tongji university, shanghai, 200092, china
Transport and Telecomunication Institute LVA
    transport and telecomunication institute, latvia
Trinity College Dublin IRL
    professor in law, director of technologies, law and society research group, school of law, trinity college dublin, dublin, ireland
Uea Law School GBR
    uea law school, norwich, united kingdom
Universidad Politecnica de Madrid ESP
    department of industrial engineering, business administration and statistics, universidad politecnica de madrid, madrid, 28006, spain
Universidad de Granada ESP
    department of computer architecture and technology, university of granada, granada, spain
Universidad de Oviedo ESP
    university of oviedo, oviedo, spain
    business management department, university of oviedo, asturias, 33003, spain
Universidade de Sao Paulo BRA
    universidade de sao paulo, sao paulo, sp, brazil
Universidade do Porto PRT
    inesc tec, and faculty of engineering, university of porto, porto, portugal
Universita Di Palermo ITA
    dipartimento di fisica e chimica, universita di palermo, palermo, 90128, italy
Universitas Brawijaya IDN
    faculty of administrative science, universitas brawijaya, malang, indonesia
Universitas Budi Luhur IDN
    universitas budi luhur, indonesia
Universitas Gadjah Mada IDN
    faculty of economics and business, department of management, universitas gadjah mada, indonesia
Universitas Garut IDN
    universitas garut, garut, indonesia
Universitas Indo Global Mandiri IDN
    faculty of economics, universitas indo global mandiri, palembang, 30129, indonesia
Universitas Indonesia IDN
    universitas indonesia, depok, 16424, indonesia
    faculty of computer science, universitas indonesia, depok, 16424, indonesia
    department of business administration, faculty of administrative science, universitas indonesia, indonesia
    department of business administration, faculty of administrative science, universitas indonesia, kampus ui, depok, jawa barat, 16424, indonesia
Universitas Islam Sultan Agung IDN
    faculty of economics, universitas islam sultan agung (unissula), semarang, central java, 50112, indonesia
Universitas Komputer Indonesia IDN
    teknik industri, universitas komputer indonesia, indonesia
Universitas Mercu Buana IDN
    department of master management graduate programs, universitas mercu buana, jakarta, 11650, indonesia
Universitas Padjadjaran IDN
    doktor ilmu manajemen, universitas padjadjaran, indonesia
Universitas Pasundan IDN
    universitas pasundan, bandung, indonesia
Universitas Pendidikan Indonesia IDN
    ptk, universitas pendidikan indonesia, bandung, indonesia
Universitas Teknokrat Indonesia IDN
    universitas teknokrat indonesia, bandar lampung, 35142, indonesia
    faculty of engineering and computer science, universitas teknokrat indonesia, lampung, 35142, indonesia
Universiti Brunei Darussalam BRN
    universiti brunei darussalam, school of business and economics, jln tungku link gadong, bandar seri begawan, brunei darussalam
Universiti Malaysia Sarawak MYS
    universiti malaysia sarawak, kota samarahan, malaysia
Universiti Teknikal Malaysia Melaka MYS
    faculty of electrical engineering, universiti teknikal malaysia melaka, melaka, malaysia.
Universiti Tunku Abdul Rahman MYS
    universiti tunku abdul rahman, kajang, malaysia
Universiti Utara Malaysia MYS
    school of economics, finance and banking, college of business, universiti utara malaysia, sintok, 06010, malaysia
University College Dublin IRL
    michael smurfit graduate business school & ucd lochlann quinn school of business, university college dublin, carysfort avenue, blackrock, co. dublin, ireland
University College London GBR
    department of computer science, university college london, london, wc1e 6ea, united kingdom
    professor of corporate law and financial regulation, university college london, london, united kingdom
University College of Bahrain BHR
    department of information technology, university college of bahrain, bahrain
University Gadjah Mada IDN
    department of management, faculty of economics and business, university gadjah mada, indonesia
University Tunis El Manar Ii TUN
    faculty of economics sciences and management, university tunis el manar ii, tunis, 2092, tunisia
University of Aberdeen Business School GBR
    university of aberdeen business school, university of aberdeen, aberdeen, ab24 3fx, united kingdom
University of Adelaide AUS
    the university of adelaide, business school, australia
University of Agder NOR
    university of agder, kristiansand, norway
University of Alcala ESP
    department of economics and business administration, university of alcala, alcala de henares (madrid), madrid, 28801, spain
University of Amsterdam NLD
    university of amsterdam, netherlands
University of Augsburg DEU
    fim research center, university of augsburg, augsburg, 86135, germany
University of Bahrain BHR
    department of economics and finance, university of bahrain, zallaq, 32038, bahrain
    department of management and marketing, university of bahrain, zallaq, 32038, bahrain
University of Bergamo ITA
    departments of management, university of bergamo, via dei caniana, 2, bergamo, 24127, italy
University of Bremen DEU
    university of bremen, bremen, germany
    faculty of business studies and economics, university of bremen, bremen, germany
    faculty of business studies and economics, university of bremen, wilhelm-herbst-str. 5, bremen, 28359, germany
University of California USA
    hass school of business, university of california, berkeley, berkeley, ca  94720, united states
    university of california, berkeley, berkeleyca  94720, united states
University of Campania Luigi Vanvitelli ITA
    university of campania luigi vanvitelli, capua, italy
University of Cape Town ZAF
    graduate school of business, university of cape town, cape town, south africa
University of Craiova ROU
    department of management-marketing, business administration, faculty of economics and business administration, university of craiova, craiova, 200585, romania
    department of theory and methodology of motricity activities, faculty of physical education and sport, university of craiova, craiova, 200585, romania
University of Delaware USA
    lerner college of business and economics, university of delaware, united states
University of Duisburg DEU
    institute of east asian studies and mercator school of management, university of duisburg-essen, duisburg, germany
University of Economics VNM
    university of economics, ho chi minh city, viet nam
University of Economics and Law VNM
    institute for development and research in banking technology, university of economics and law, ho chi minh city, 700000, viet nam
    school of finance and banking, university of economics and law, ho chi minh city, 700000, viet nam
University of Electronic Science and Technology of China CHN
    school of management and economics, university of electronic science and technology of china, chengdu, 611731, china
    center for west african studies, university of electronic science and technology of china, chengdu, 611731, china
University of Embu KEN
    department of business and economics, university of embu, kenya
University of Engineering and Technology PAK
    institute of business & management, university of engineering and technology, lahore, 54000, pakistan
University of Erlangen DEU
    technology management, university of erlangen-nuremberg, furth, 90762, germany
University of Essex GBR
    university of essex, colchester, united kingdom.
University of Finance VNM
    university of finance-marketing, viet nam
University of Finance and Marketing VNM
    university of finance and marketing, viet nam
University of Glasgow GBR
    adam smith business school, university of glasgow, glasgow, united kingdom
University of Greenwich GBR
    university of greenwich, united kingdom
University of Groningen NLD
    faculty of economics and business, university of groningen, nettelbosje 2, groningen, 9747 ae, netherlands
University of Groningen and Development Economics Group NLD
    faculty of economics and business, university of groningen and development economics group, wageningen university, nettelbosje 2, groningen, 9747 ae, netherlands
University of Hamburg DEU
    university of hamburg, institute of law and economics, germany
University of Hong Kong CHN
    university of hong kong, hong kong
University of Illinois USA
    university of illinois at chicago, chicago, united states
    gies college of business, university of illinois at urbana-champaign, urbana, il  61820, united states
University of Jordan JOR
    mis department, business school, the university of jordan, amman, 11942, jordan
    university of jordan, amman, jordan
University of Kent GBR
    kent business school, university of kent, kent, ct2 7fs, united kingdom
    kent business school, university of kent, sail and colour loft, the historic dockyard, chatham, kent, me4 4te, united kingdom
    kent business school, university of kent, canterbury, kent, ct2 7fs, united kingdom
University of Kent USA
    university of kentucky, united states
University of Latvia LVA
    faculty of business, management and economics, university of latvia, riga, lv-1586, latvia
    university of latvia, latvia
University of Lille Nord de France FRA
    university of lille nord de france, lsmrc, 1 place deliotbp381, lille cedex, 59020, france
University of London GBR
    soas university of london, london, united kingdom
    goldsmiths university of london, london, united kingdom
    school of finance and management, soas university of london, london, united kingdom
University of Luxembourg LUX
    professor of law, ada chair in financial law (inclusive finance), faculty of law, economics and finance, university of luxembourg, luxembourg, luxembourg
    research associate, ada chair in financial law (inclusive finance), faculty of law, economics and finance, university of luxembourg, luxembourg
University of Malaya MYS
    faculty of computer science and information technology, university of malaya, kuala lumpur, 50603, malaysia
University of Malta MLT
    university of malta, malta
University of Management  and  Technology PAK
    kubeac, university of management & technology, sialkot campus, sialkot, pakistan
University of Management and Technology PAK
    department of computer science, school of systems and technology, university of management and technology, lahore, 54770, pakistan
University of Manchester GBR
    department of politics, university of manchester, manchester, united kingdom
University of Minnesota USA
    university of minnesota, minneapolis, united states
University of Munich DEU
    cesifo, faculty of economics, university of munich (lmu), munich, germany
University of Munster DEU
    university of munster, munster, germany
University of Naples Parthenope, Naples ITA
    university of naples parthenope, naples, italy
University of New South Wales AUS
    university of new south wales, unsw business school, school of information system and technology management kensington, sydney, new south wales  2052, australia
University of Newcastle AUS
    school of information and physical sciences, the university of newcastle, callaghannsw  2308, australia
University of Nigeria NGA
    university of nigeria, nigeria
University of Nottingham CHN
    unnc-nftz blockchain laboratory, centre for inclusive finance, university of nottingham ningbo china, ningbo, china
University of Nottingham GBR
    nottingham university business school, university of nottingham, nottingham, united kingdom
    school of geography, university of nottingham, nottingham, united kingdom
University of Oxford GBR
    university of oxford, united kingdom
University of Patras GRC
    department of tourism management, university of patras, patras, 26504, greece
University of Pavia ITA
    department of economics and management, university of pavia, pavia, italy
    fintech laboratory, department of economics and management, university of pavia, pavia, italy
University of Pennsylvania USA
    university of pennsylvania, united states
University of Piraeus GRC
    university of piraeus, greece
University of Pireaus GRC
    university of pireaus, greece
University of Queensland AUS
    queensland business school, university of queenslandqld, australia
University of Reading GBR
    department of computer science, school of mathematical, physical and computational sciences, university of reading, reading, rg6 6ah, united kingdom
    informatics research centreinformatics research centre, henley business school, university of reading, reading, united kingdom
University of Regensburg DEU
    center of finance, university of regensburg, regensburg, germany
University of Shanghai for Science and Technology CHN
    business school, university of shanghai for science and technology, shanghai, 200093, china
University of South Africa ZAF
    college of accounting sciences, university of south africa, pretoria, south africa
University of Southampton GBR
    decision analytics and risk, southampton business school, university of southampton, southampton, united kingdom
University of Southern Maine USA
    university of southern maine, 113 luther bonney hall, portland, me  04103, united states
University of Southern Queensland AUS
    school of management and enterprise, university of southern queensland, toowoomba, australia
    school of agricultural, computational and environmental sciences, university of southern queensland, toowoomba, australia
University of St Andrews GBR
    university of st. andrews, management school, st. andrews, united kingdom
University of Surrey GBR
    department of finance and accounting, surrey business school, university of surrey, guildford, united kingdom
University of Sussex GBR
    university of sussex, business school, university of sussex, falmer, united kingdom
University of Sydney AUS
    university of sydney business school, australia
    the university of sydney business school, the university of sydney, sydney, australia
    the university of sydney, business school, australia
    university of sydney, australia
    the university of sydney, the university of sydney business school, rm4074 abercrombie building (h70), sydney, new south wales  2006, australia
University of Technology AUS
    university of technology sydney, sydney, australia
University of Technology CHN
    school of economics and management, beijing university of technology, beijing, 100124, china
    school of management, hefei university of technology, hefei, 23009, china
    china institute for micro small and medium-sized enterprises, school of business administration, qilu university of technology, shandong academy of sciences, china
University of Technology JPN
    nagaoka university of technology, 1603-1, kamitomioka, nagaoka, niigata, 940-2188, japan
University of Technology NLD
    delft university of technology, delft, netherlands
University of Technology POL
    warsaw university of technology, faculty of management, warsaw, poland
University of Technology SWE
    innovation management and organizational behavior, chalmers university of technology, sweden
University of Texas USA
    department of information systems, jindal school of management, university of texas at dallas, dallas, tx  75080, united states
    jindal school of management, university of texas at dallas, dallas, tx  75080, united states
University of The Free State ZAF
    department of economics and finance, university of the free state, south africa
University of The Free State and University of Ghana Business School GHA
    university of the free state and university of ghana business school, university of ghana, volta road, accra, ghana
University of The Punjab PAK
    department of data science, university of the punjab, lahore, 54890, pakistan
University of The West of England GBR
    bristol business school, university of the west of england, bristol, united kingdom
University of Tokyo JPN
    institute of industrial science, university of tokyo, tokyo, 153-8505, japan
University of Vaasa FIN
    school of marketing and communication, university of vaasa, vaasa, 65200, finland
University of Verona ITA
    department of business administration, university of verona, via cantarane, 24, verona, 37129, italy
University of Warwick GBR
    warwick business school, the university of warwick, coventry, cv4 7al, united kingdom
    global sustainable development, university of warwick, united kingdom
    university of warwick, coventry, united kingdom
University of York GBR
    social policy and social work, university of york, york, united kingdom
University of Zaragoza ESP
    accounting and finance department, faculty of economics and business, university of zaragoza, zaragoza, 50005, spain
University of Zilina SVK
    faculty of operation and economics of transport and communications, department of economics, university of zilina, zilina, 010 26, slovakia
University of Zurich CHE
    swiss fintech innovation lab, department of banking and finance, university of zurich, zurich, 8032, switzerland
    institute of informatics, university of zurich, binzmuhlestrasse 14, zurich, 8050, switzerland
    department of informatics, university of zurich, zurich, 8050, switzerland
Utrecht University NLD
    utrecht school of governance, utrecht university, bijlhouwerstraat 6-8, zc utrecht, 3511, netherlands
Vardhaman Engineering College IND
    department of computer science & engineering, vardhaman engineering college (autonomous), hyderabad, india
Vietnam National University VNM
    vietnam national university, ho chi minh city, 700000, viet nam
    university of economics and business, vietnam national university, hanoi, 10000, viet nam
Vilnius Gediminas Technical University LTU
    department of financial engineering, faculty of business management, vilnius gediminas technical university, lithuania
    faculty of business management, vilnius gediminas technical university, faculty of business management, sauletekio al. 11, vilnius, lt-10223, lithuania
Virtual University of Pakistan PAK
    department of computer science and information technology, virtual university of pakistan, lahore, 54890, pakistan
Washington University USA
    olin business school, washington university, st. louis, united states
West University BGR
    department of tourism, south-west university, blagoevgrad, 2700, bulgaria
    department of economics, south-west university, blagoevgrad, 2700, bulgaria
Wittenborg University of Applied Sciences NLD
    wittenborg university of applied sciences, apeldoorn, netherlands
Womens University In Africa ZWE
    womens university in africa, department of banking and finance, harare, zimbabwe
Wroclaw University of Economics and Business POL
    wroclaw university of economics and business, faculty of economics and finance, department of finance and accounting, poland
    wroclaw university of economics and business, faculty of economics and finance, department of finance, poland
Xian Jiaotong University CHN
    department of information management, school of management, xian jiaotong university, no. 28 xianning west road, xian, 710049, china
Yogyakarta State University IDN
    yogyakarta state university, indonesia
Yonsei University AUS
    yonsei frontier lab, yonsei university, south korea and torrens university australia.
Yonsei University KOR
    interdisciplinary program of management of technology, yonsei university, seoul, 03722, south korea
York University USA
    stern school of business, new york university, new york, ny  10012, united states
Zhejiang Gongshang University CHN
    college of statistics and mathematics, zhejiang gongshang university, hangzhou, 610064, china
    school of business administration, zhejiang gongshang university, xiasha university town, no.18, xuezheng st., hangzhou, zhejiang, china
Zhejiang University CHN
    school ofmanagement, zhejiang university, hangzhou, 310058, china
    zhejiang university, school of management, hangzhou, china
    zhejiang university, school of management & international business school, hangzhou, china
Zhongnan University of Economics and Law CHN
    school of finance, zhongnan university of economics and law, wuhan, hubei, 430073, china
Zhongnan University of Economics and Laws CHN
    school of finance, zhongnan university of economics and laws, wuhan, 430073, china
